id,value
GIS Data Sources,
GIS Data Sources.Aerial Imagery,
GIS Data Sources.Aerial Imagery.LANDSAT,
GIS Data Sources.Aerial Imagery.NAIP,
GIS Data Sources.Aerial Imagery.NAPP,
GIS Data Sources.Demographics,
GIS Data Sources.Demographics.TIGER/Line,
GIS Data Sources.Elevation,
GIS Data Sources.Elevation.National Elevation Dataset (NED),
GIS Data Sources.Natural Hazards,
GIS Data Sources.Natural Hazards.National Flood Hazard Layer (NFHL),
GIS Data Sources.Land Use,
GIS Data Sources.Land Use.National Land Cover Database (NLCD),
GIS Data Sources.Soil,
GIS Data Sources.Soil.STATSGO,
GIS Data Sources.Soil.SSURGO,
GIS Data Sources.Transportation,
GIS Data Sources.Water,
GIS Data Sources.Water.National Hydrography Dataset (NHD),
GIS Data Sources.Water.NHDPlus,
GIS Data Sources.Water.NHDPlusV2,
GIS Data Sources.Water.StreamCat,
GIS Data Sources.Wetlands,
GIS Data Sources.Wetlands.National Wetlands Inventory (NWI),
